id,first_name,last_name,email,phone_number
1,Maura,Wagstaffe,bbunyard0@photobucket.com,+62 955 274 2053
2,Myrwyn,Eliet,joulet1@mac.com,+55 873 362 5952
3,Briney,Blakden,lclipsham2@nasa.gov,+30 389 434 5460
4,Denny,Furmagier,efogarty3@t.co,+963 944 396 2758
5,Flossie,Oade,cdack4@springer.com,+267 987 809 7422
6,Shanda,McIlenna,mmunning5@npr.org,+1 525 684 9130
7,Vernen,Currum,dmuggleton6@hexun.com,+7 617 528 7973
8,Enoch,Goublier,zrobertet7@vinaora.com,+86 140 485 3334
9,Lottie,Howie,kbeardsdale8@xing.com,+86 594 246 2825
